id,text,hateful
5467,"Vous avez oubliÃƒÂ© djihadiste, pongiste, vÃƒÂ©lociste, Salakis. Au bon lait de Brebis!",0
5468,d'ailleurs. si tu tiens vraiment la condition de vie des gens et si t'as de la p...,0
5471,What frightens me personally is the ignorance you proudly display in the eyes of the world.,0
5504,dÃ©jÃ  les renois câ€™est sÃ»r ils vont dire jesus christ @url,0
5620,sale fils de juif,1
5658,22 migrants dont des sÃ©nÃ©galais arrÃªtÃ©s dans un bus en direction de la gare de lyon-perrache -â€¦,1
5660,It is not prohibited by law.,0
5672,qui connaissait ce militant de la cause animale esteban qui tuÃ© en se dÃ©fendant un jeune gauchiste noâ€¦,0
5803,je pensais Ãªtre le seul attardÃ© Ã  faire Ã§a @url,1
5863,I was born in France and thus converted. Now I go to musulmanie because you want me to invent this country.,0
6183,gros mongol je lui demande si la station essence Ã  cÃ´tÃ© chez lui est ouverte il rÃ©pond Â« pourquoiâ€¦,1
6361,ecoute moi sale fils de pute parles bien dÃ©jÃ  espÃ¨ce d'attardÃ© mental que jai agi ou pas Ã§aâ€¦,1
6591,How a piece of fabric can be an assault to someone?,0
6798,"Et pourquoi donc, je suis trÃƒÂ¨s bien lÃƒ oÃƒÂ¹ je suis.",0
7165,The Islamic veil is the demonstration of political Islam.,1
7353,gros j'en ai marre que les renois cherche du regard aâ€¦,0
7813,entre les colis pieges fabriques par cesar sayoc l'ultra-droite peut critiquer l'electorat gauchiste democrate ame,0
7829,Tolerance is the foundation.,0
7895,"If most women are locked up because of you not their husbands, you stigmatize them every time when they do something you stop them with your racist comments.",0
8048,ces attardÃ©s comme vous vous plaisez Ã  les nommer sont tout simplement lucâ€¦,1
8227,Terrorism is not a Muslim value.,0
8422,ces des enfants bordel ta 6 de qi c incroyable comment tâ€™es attardÃ©,0
8430,des noirs sÃ»rement pas des rebeus c possible.,1
9335,"Leave them at peace, they are beautiful, brilliant and above all free to wear the veil, everyone takes care of herself and free to respect laws.",0
9425,eh les renois faut se rÃ©veiller la @url,0
9856,@user @user @user t'Ã©tais pour la privatisation de la sncf mongol.,1
9943,C est la peur de l'inconnu qui vous fait dire ÃƒÂ§a.,0
9959,insÃ©curitÃ©: plus d'un quart des femmes renoncent Ã  sortir seules de chez elles depuis des lustres la violence des mâ€¦ @url,1
10010,L'islam nous envahira: c'est l'islamisation.,1
10109,"C'est une idÃƒÂ©e reÃƒÂ§u. Ãƒâ€°normÃƒÂ©ment de femmes voilÃƒÂ©es ont une vie active,.",0
10208,non les mÃ©decins doivent pas porter de jugement Ã  lâ€™Ã©gard de leurs patients sâ€™ils sont contre lâ€™avortement et refuâ€¦ @url,1
10612,Mon voile est synonyme de libertÃƒÂ© en quoi il tagresse?,0
10626,@user @user la france lâ€™europe une bonne partie du monde arabe et du monde tout court considÃ¨re le hâ€¦ @url,0
10963,Ce voile les discrimine elles ont un plus fort taux de chÃƒÂ´mage mais Ãƒ qui la faute? Ãƒâ‚¬ celui qui discrimine ou Ãƒ la victime?,0
11019,attention ! se rappeler le mantra gauchiste : les coupables sont avant tout des victimes sociales,1
11081,@user ptdrr ta tous les renois de chÃ¢telet ils vont arriver en ball,0
11183,"La diversitÃƒÂ© est une richesse, n'essayer pas d'appauvrir la France!",0
11245,lyon c'est vraiment une ville d'attardÃ©,1
11380,CopÃƒÂ© est passÃƒÂ© par lÃƒ .,0
11449,"There are so many clothing traditions that if we remove them all, you would be left in an empty world.",0
11483,et bien la clause de conscience des mÃ©decins notamment contre lâ€™avortement câ€™est le droit de veto de louis xvi. iâ€¦ @url,0
11656,lâ€™antisemitisme est un virus mutant il tour Ã  tour le visage de lâ€™extrÃªme gauche de lâ€™extrÃªme-droite et de lâ€™â€¦ @url,1
11701,Propos isamophobes.,0
11704,pour Ã§a heureusement jâ€™ai mon cÃ´tÃ© italien qui sauve les rebeus entre nous c trop grave,1
11849,quitte mon club sale mongol,1
11961,dites-vous bien que la plupart des gars dans la sÃ©curitÃ© sont des arabes..,1
11973,Others' personal choices should not become your personal problem.,0
12111,"\"C'est ÃƒÂ©vident si elles sont comme vous dites \"\"soumises\"\".\"",0
12303,le dÃ©bile autiste dÃ©gÃ©nÃ©rÃ© basque sait pourquoi perd mais il s'en bat les couilles,1
12617,journaliste extrapole encore Â« voit quâ€™e.macron ne sâ€™attarde pas sÃ»rement de peur de se faire interpeller sur lâ€¦,0
12719,@user qs s'est comme merkel et tous les autres en europe aime les migrants hommes seulement pour venir câ€¦ @url,1
12761,quand te met Ã  part parceque ta grandi avec des black et rebeu et que du coup te traitÃ© de sale araâ€¦,1
13307,et les rebeus haineux des renois Ã§a existe que tu le veuilles ou pas. jv pas nier Ã§a pr toi,0
13363,ta source est une publication gauchiste... tu peux te la garder et te prÃ©senter lâ€™entree des arÃ¨nes,1
13474,dc en fait au ils n'ont tjrs lÃ©galisÃ© l'avortement Ã§a reste un sujet tabou. par contre Ã§a fait 4ans qu'on apprenâ€¦,0
13509,viens faire un tour dans le rer avec moi le matin espÃ¨ce de fils de vieille pute Ã  migrants et je vais t'ouvrir lesâ€¦ @url,1
13676,en Ã©coutant cette chanson en entier se rend compte des influences arabes grÃ¢ce aux sonoritÃ©s utilisÃ©es en fond.â€¦ @url,0
14267,mais omg vrm trop conne toi relis phrase pcq t’as l’air un peu attardé sur les bords,0
14292,putain jvien de comprendre la punch « mon middle tous ceux qu’ont douté » jsuis vraiment un attardé,1
14312,quel attardé,1
14314,ptn j’en ai marre des rebeus,1
14317,pour moi l'insignifiance ne mérite pas qu'on s'y attarde!!,0
14724,une fois une sud-africaine m'a lâché un mais t'es pas africaine dégage tlmt sale parce que j'ai dit l'être bc ou…,1
16175,je suppose manif que vous êtes contre l'avortement ?,1
16558,et l’autre qui like le tweet avec écrit « sale arabe » mdrr,1
17416,peut aussi dire qu'on est totalement menacé de submersion invasion is…,0
17535,lanceur d'alerte ? c'est une blague ! un vieux prêtre aigri adolescent attardé qui veut en découd…,1
18109,Votre commentaire en revanche est agressif car il place votre bien Ãªtre au-delÃ de ma libertÃ© sans aucune justification.,0
18285,Le voile symbolise l'acte de prier et est commun Ã toutes les religions.,0
18620,"Et donc, la meilleure solution pour les sortir de cette soumission serait de les culpabiliser dans l'espace public de maniÃ¨re systÃ©matique et quoi qu'elles veuillent faire, de les insulter en permanence en niant leur intÃ©gration et leur volontÃ© d'aspirer Ã une vie dÃ©cente? DrÃ´le de projet d'inclusion, et de maniÃ¨re de sortir quelqu'un de sa soumission.",0
19074,Tes paroles confirment que tu ne connais pas la dÃ©finition des mots que tu emploies.,0
19856,"Dans une RÃ©publique laÃ¯que, Etat et cultes sont sÃ©parÃ©s; chacun a son propre domaine.",0
20959,Incitation Ã la haine.,0
21171,"Non, les femmes voilÃ©es ont comme toutes les autres femmes ont besoin d'opportunitÃ©s en respectant leur religion.",0
21235,Elles sont victimes de discrimination Ã l'embauche.,0
21325,"Regarde en Angleterre, au canada ou dans les pays africains tu serais surpris de voir qu'elles travaillent quand on ne les empÃªche pas de le faire.",0
2033,mon père chaque fois c’est moi qui conduit et que j’fais un truc de mongol il s’en prend aux autres,1
2074,lutter contre les violences faites aux femmes en en facilitant l’essor ...,1
2136,askip les renois est des sauvages émotives. ah ok,1
2145,@user @user @user l'islamisation de la france est bien plus avancée dans certaines parties du territ… @url,1
2406,@user c’était un message d’un gauchiste établi en angleterre. hors sujet niveau expert.,1
2411,ahri é champion de mongol,1
2562,le torchon gauchiste des inrocks justifie le clip de l'autre fils de pute.,1
2671,dumont le plusssss déprimant mongol de politique jamais vus. @user @url,1
2861,ahahah il croit dur comme fer l'avion de ligne qui fait des pirouettes quel giga mongol @url,1
2921,@user avec @user quand disait qu’il était attardé mental c’était vraiment pas une blague alors,1
2926,s'il fallait décrire ce que armée policière nazi étrangère implanté e centre prisons réfugiés et essaye secret hypn… @url,1
3153,@user Ça va y'a vraiiiiiiment pire meuf tu forces de ouf quand même. après oui c'est un attardé mais bon la routine.,1
3486,@user dit moi sale arabe verra (ta jamais dit ça) @url,1
3874,@user non je ne pense pas. Ça se voit dans beaucoup d'équipes. même lui ne s'est pas attardé sur la cél… @url,0
3911,@user je croyais tu parlais dla renois coté de nous...,1
3963,@user où est ce la contradiction polie que vous percevez comme du harcèlement ?,1
3994,@user @user en fait la violence fait tellement partie de l’adn de l’extrême gauche depuis les bolchevik… @url,1
4030,l'islamo-gauchiste comme mentent pour nier le racisme anti-blaâ€¦,1
4219,zemmour aphatie radicalitÃ© de l'un terrorisme intellectuel de l'autre ... une maladie: les idÃ©ologies une vicâ€¦ @url,1
4370,bien Ã©videment que non..en bon gauchiste il va tjrs nier,1
4418,"Do all illiterate nannies and housekeepers play politics? No, of course not, but this one doesn't bother us, they serve!",0
4982,Je ne comprend pas ce terme.,0
5028,@user @user yes je le suis mais jâ€™ai lâ€™impression les noir dâ€™afrique câ€™est que ceux de lâ€™est ici,0
5330,So it is no longer a problem for you!,0
5333,câ€™est quoi câ€™est chaÃ®ne de mongol yâ€™a pas la juventus,1
5440,Read instead of listening to the media.,0
5465,@user @user encore un truc de rebeus bien colonisÃ©s... vive la fÃªte Ã  neuneu tout est bon pour faire de la maille,1
6021,@user sos racisme est une bande de dÃ©gÃ©nÃ©rÃ©s bobo gauchiste de premiÃ¨re,1
6295,voilÃ  qui dÃ©montre bien l'hypocrisie de la gauche... pas plus haineux et violent qu'un gauchiste extrÃ©miste! @url,0
6469,"Moi, il me plait!",0
6700,peut s'attendre Ã  des lendemains difficiles pour le royaume-uni si jeremy islamo-gauchiste de la pirâ€¦,0
6788,Fasting is a personal choice.,0
6855,putain mais laissez le il est attardÃ© mental comme azed story c lache de se moquer des handicapÃ©,1
6990,@user @user il n'a pas assimilÃ© lâ€™islam au terrorisme dÃ©bile il assimilÃ© le sunnisme au terrorisme et eâ€¦ @url,1
7092,perso j'le suis mais j'pense pas que ce soit worth dans cette sociÃ©tÃ© d'attardÃ©,0
7097,@user nan nan abuse pas non plus je suis algÃ‰rien et giga fier de lâ€™ÃŠtre. mais jâ€™ai une prÃ©fÃ©rence pour les renois.,0
7122,@user @user je te retourne le conseil sur la vÃ©racitÃ© des infos je ne doute de la violence d'aucuâ€¦ @url,0
7292,mdrrr bah putain je suis un vrai mongol,1
7639,@user un peuple attardÃ© au il faudrait anÃ©antir ils font chier la planÃ¨te entiÃ¨re avec leur croyance eâ€¦ @url,1
7876,n'empeche tu te prends la tete sur un attarde ca fait mal..,1
8074,les violentÃ©.e.s aimeraient donc la violence ?,0
8379,L'islam n'est pas juste envers les femmes.,1
8380,en pologne il un parti populiste le pis au pouvoir; ce parti refuse l'islamisation mais Ã  la diffÃ©rence desâ€¦,0
8429,tu eh mongol,1
8571,pour braquer son proviseur mÃªme en imitant qqun faut dÃ©ja Ãªtre sacrÃ©ment attardÃ©,1
8714,La France ne se dÃƒÂ©finit pas par une religion ni une ethnie. Elle est le pays de toutes celles et ceux qui se reconnaissent dans ses valeurs: LibertÃƒÂ© EgalitÃƒÂ© et FraternitÃƒÂ©. Les musulmans partagent ces valeurs.,0
10290,attention ce n'est pas un media gauchiste qui ecrit....nn je ne pense pas m'avancer beaucoup en disant que la fam,1
10311,je suis une gauchiste libertaire et catholique pas tres orthodox...,0
10399,sale arabe: un ex-policier condamnÃ© pour agression au couteau @url,1
10400,@user il joue un rÃ´le le bengouss c'est pareil sauf que pour le sud tu comprends l'accent pour les autres c'est un mongol.,1
10554,@user #stop aux complots #stop aux guerres des intÃ‰rÃŠts economiques &amp; politiques #stop aux machiavÃ‰lisme.â€¦ @url,0
10675,mdr ta rien Ã  perdre câ€™est une sale renoi qui dit dâ€™la merde tant mieux quâ€™elle bloquer tu mÃ©rite pas de voir une tÃ©l merde,1
10736,tin mais sont attardes les ching chong,1
10926,ils sâ€™attaquent aux militants et militantes laÃ¯ques en utilisant des mÃ©thodes de terrorisme intellectuel et vu quâ€™iâ€¦ @url,1
10972,@user je vous le demande faites en sortes de bloquer l'argent volÃ© aux africains qui est cachÃ© dans vos bâ€¦ @url,0
11023,il publies des dicks pics en permanence un vieux tordu.,1
11072,@user pas mal balance aussi les meme en dessin pour attardÃ© la jsp si tu voit,1
11084,"By dint of talking about it, it hurts us.",0
11114,"Ok, if you say so.",0
11161,Elle n envahit pas elle ouvre les cÃ…â€œurs.,0
11354,toi tas un sacrÃ© problÃ¨me avec les rebeus laisse moi aimer tout style de mec nan et laisse soeur tranquille,1
11427,'islam n'est pas le terrorisme... je veux dire l'extrÃ©misme et il existe dans toutes les religions. il nâ€¦,0
11455,rien Ã  voir avec le terrorisme et l'islam puisqu'il est dÃ©sÃ©quilibrÃ©... circulez ya rien Ã  voir,0
11845,Who appointed you as spokesperson of the veiled women for speaking in their names?,0
12105,yâ€™a des gens je les aime bien puis aprÃ¨s jâ€™apprends quâ€™ils sont homophobes contre lâ€™avortement et racistes trÃ¨s bien,1
12242,This is the political class supported by the media that make it a problem.,0
12432,"Les femmes portent des pantalons si elles le veulent, les hommes portent des jupes s'ils le souhaite. OÃƒÂ¹ est le problÃƒÂ¨me?",0
12551,regarder des tutos en espagnol il comprend rien en plus il dit â€œelle parle trop bienâ€ un mongol,1
12801,Les femmes voilÃƒÂ©es sont beaucoup plus activent quand dans vos clichÃƒÂ©s.,0
12991,les fake news dâ€™une caste gauchiste... nous sommes dans la vÃ©ritÃ©â€¦,1
13016,"If Muslims were all terrorists, France would be a war zone.",0
13613,c'est dans une vidÃ©o apparemment c'est plus pour dire qu'il est spontanÃ© mais Ã§a se voit que c'est un peu le mongol de la bande,1
13828,"Can you feel attacked by a piece of cloth? It is my veil and it is on my head, you are free to go your way.",0
13912,t’es surtout un attardé,1
14006,arrêtez de crier à l'invasion quand la méditerranée est devenu le cimetière de la majorité des mig…,1
14348,elle propose des informations sur l'avortement médicamenteux : le type de molécules et le dosage à utiliser la pro…,1
14412,mdr sa ces les excuses prend le train et viens j’ai le temps m’attarde avec un minus de 16…,0
14509,une fois une bande de petits renois est venue sonner chez moi pour halloween tous avec des cagoul…,1
14549,les migrants ne gagnent/reçoivent pas davantage de l'état que les p…,0
15098,les renois sucrées comme ça c beau,1
15114,220 413 albums vendus c’est beaucoup pq tu fais l’attardé comme ça...,1
15281,les brévinois ne veulent pas de dans leur ville.,1
15342,c’est tout le temps les meufs rebeus de 30 ans célibataires qui ont ce genre de problème,1
15351,de base je voulais tinsulter d'attardé,1
15706,vous êtes attardé mentale et vous ne connaissez pas…,1
15869,j'aimerais trop mettre un nom sur ça tronche de mongol en fait non pas mongol ce serais fa…,1
16174,l' avortement est un malheur universel pas un droit car…,1
16855,qui s’rapl quand bts devaient s’écrire dès mot anonymement et que jeongguk il marquer v hyung eh c un mongol,1
17176,il des millions de morts de la famine chaque annee mais tu veux laisser pourri...,0
17344,tu ne parle tjs pas français! dirait un adolescent attardé! tu te branles tjs en cachette sur playboy,1
17431,le drapeau israélien indique donc votre attachement au foyer juif et par là…,0
17447,le pauvre il faut qu'il arrête le pinard le gauchiste qui affirme que l'affaire clément m…,1
17947,Le voile islamique est un assaut pour nous.,1
18245,Je pointe une essentialisation et du sexisme nÃ© colonialiste.,0
19311,"Si vous vous voulez dire quittez votre pays, que diriez vous Ã nos concitoyens juifs et chrÃ©tiens?",0
19434,C'est faux je ne vous dÃ©teste pas.,0
19742,L'islam respect la rÃ©publique y'a t que celle ci n'entrave pas la libertÃ© de pratiquer sa religion!,0
20235,La laÃ¯citÃ© par dÃ©finition garantit le droit de pratiquer peu importe la religion.,0
20953,"Je ne cautionne pas ce propos. Si on remonte au debut du terrorisme, les initiateurs n ont pas Ã©tÃ© les musulmans.",0
21289,Je suis voilÃ©e et je travaille.,0
2010,@user @user @user celui de paris c’est un gros debile immature et pas drôle le votre est vraiment attardé,1
2229,la banque mondiale va débloquer 80 millions de dollars pour les réfugiés et les communautés d’accueil au #niger.… @url,0
2324,@user @user pis mon ken. ca doit etre encore un sale gauchiste?,1
2548,@user attention ! se rappeler le mantra gauchiste : les coupables sont avant tout des victimes sociales,1
2646,@user c'est ça les mariage rebeus :/,1
2763,bande de mongol @url,1
3278,@user j’aimerais que l’on s’attarde sur ta tête qui est juste sublime,0
3493,@user @user normal. n'est jamais à l'abri d'un gauchiste dégénéré.,1
3771,@user qui leur dit qui n'est sur xbox one ou nintendo et oui le jeux ne te fait pas faire ça c un attardé,1
4056,I was born in France so I'm already there.,0
4199,The Islamic veil is not a religious principle.,0
4526,hey es mongol ou quoi? parle de meurtres,1
4843,heuuuu mes copines rebeus c'est des grandes pinces,0
4904,The veil / headscarf is a personal and free choice.,0
5015,Ce genre de tweet est une fraude pour l'humanitÃƒÂ©.,0
5250,mdr t'es vraiment perdu comme mec t'faÃ§on t'es le genre d'attardÃ© qui pense que 36 genres diffÃ©rents dâ€¦,1
5985,Le voile est une libertÃƒÂ© undividuelle.,0
6138,ce sale juif mdr ? nn,1
6157,le gauchiste est viscÃ©ralement anticlÃ©rical mais il respecte lâ€™islam...,0
6848,qui est il ? le pure produit d'une idÃ©ologie islamo-gauchiste descendant de la grande pÃ©riode de collaboratâ€¦,1
6954,"We are talking about the religiosity of women in their places, what is the point?",0
7006,ptddrr aym t'rappel du renois qui voulait nous vendre des faux. il s'appelait martine le batard,0
7339,"Such reflection deserves the Nobel Prize! Seriously, you put in grave danger your intellectual credibility.",0
7523,Dieu ns a ordonnÃƒÂ© de respecter la femme et de l'honorer car elle est l'avenir!,0
7537,il font Ã§a juste pour le plaisir c'est encore plus des attardÃ©,0
8652,Who we?,0
9147,It doesn't seem to have reached you yet.,0
9530,sale con!!tu est juif?!! tes gosses sont juif!!ils vivent aux etat unis!! alors feâ€¦,1
9892,L'islam est une religion de paix et de tolÃƒÂ©rance.,0
9920,Is this a survey? Or your thoughts?,0
10050,ah bon ? si quelqu'un n'est pas de ton avis c'est un attardÃ© ? ouaouh,0
10617,@user @user grosso modo les ouÃ¯ghours sont un peuple turc (ou turco-mongol) et musulman. bien sâ€¦ @url,0
10695,Si je souhaite vivre au moyen age c'est mon problÃƒÂ¨me non?,0
10983,@user @user @user j'suis pas dÃ©sco espÃ¨ce de mongol naÃ¯f,1
11037,scandale.... que fait le gauchiste libertin !,1
11269,le terrorisme intellectuel du lobby constituÃ© de gens en fonction de leur sexualitÃ© aâ€¦ @url,1
11306,si es mongol,1
11496,la pÃ¨gre gauchiste !,1
11697,Et votre tweet est la dÃƒÂ©monstration de votre islamophobie.,0
11938,arff... les renois..,0
12155,il n'a pas assimilÃ© lâ€™islam au terrorisme dÃ©bile il assimilÃ© le sunnisme au terrorisme et eâ€¦,1
12354,câ€™est un gauchiste normal quâ€™il soit con @url,1
12860,Non assistance Ãƒ personne en danger.,0
12956,As you wish.,0
13215,@user tâ€™es en retard tt les arabes fait Ã§a,1
13456,j'ai vu ta vidÃ©o et je te conseille vivement d'installer l'appli' qui lutte contre le cyber-harcÃ¨lement.,0
14566,quand vous avez un type comme nagui qui tous les midi vous dit les arabes ont tout i…,1
14753,mais tout à fait ! tu vois à quel point mon coeur est grand même envers les réfugiés d'une peupla…,0
15275,ne se soucis même pas de la douleur des familles victimes du terrorisme musulman. sa seule pr…,1
15658,j’taf lycee les ptits renois quand ils se moquent des perruques des renoi j’essaye de leur mettre des rapports…,1
15957,c'était ironique mongol,1
16373,c’est rebeu/renoi — j’ai pas mis les rebeus dedans mdr,1
16598,je suis il y’a même des féministes complotiste qui pensent que tout le mec ce rejoint la nuit pendant qu’ell…,1
16787,porter plainte après harcèlement sexuel ? un exemple qui montre que si c'est nécessaire ce n'est pas si simple...,0
17428,t'as pas cours pour dormir comme ça sale arabe,1
17432,non les parents n'étaient pas rebeus...,0
17523,ah bon? ce n'est plus l'armée camerounaise qui est derrière tout ça? vraiment les anti b…,0
17553,la logique des religieux : contre le droit à l’avortement mais contre la pma :,0
18259,Il manque un complÃ©ment verbal pour la structure grammaticale.,0
19669,L'islamophobie est bÃ©nÃ©fique pour Ãªtre banni par les musulmans.,1
19672,La critique et le blasphÃ©mÃ© sont deux choses diffÃ©rentes.,0
19689,". L'islam comme le Christianisme et le JudaÃ¯sme ont pour origine les valeurs d'Ã©galitÃ©, de libertÃ© et de fraternitÃ©.",0
19970,Pouvez vous nous indiquÃ© de quel problÃ¨me il s agit? Qu avez vous personnellement rencontrÃ© comme problÃ¨me?,0
20239,"Au contraire, le principe de laÃ¯citÃ© de la rÃ©publique franÃ§aise protÃ¨ge chaque individu qui voudrait pratiquer sa confession de maniÃ¨re libre.",0
2167,@user bobo islamo gauchiste féministe à maniere au moins tu l'avoues tu es une bonne pédale bien pensante quoi ^^,0
2209,@user oui j'imagine... courage udc99 nil m'a pas directement envoye la photo j'ai eu cette chance,0
2692,dakar : des militaires français impliqués dans une rixe @url @user @url,0
2715,nantes: cinq gymnases réquisitionnés pour accueillir les migrants du square daviais … @url,1
2859,(c’est le même inshaallah que les arabes qui veulent pas dire non c’est pas un inshaall…,1
3113,quand demande un gauchiste d'argumenter  @url,0
3285,@user @user ben que les voilées font la promo du terrorisme et que la france est en guerre avec… @url,1
3292,@user @user buteur c'est pas leader sale mongol. messi il plante mais il 0 leadership,1
4191,ce sont tes frÃ¨res qui veulent tabasser des renois car leur sÅ“ur sont attirÃ©es par des renois nâ€™inversons pasâ€¦ @url,1
4237,@user @user encore heureux daesh nâ€™est que haine endoctrinement dÃ©formation de lâ€™islam et terroriâ€¦ @url,1
4414,@user @user @user @user en fait d'attardÃ© mental je suis ingÃ©nieur dans le domaine de l'Ã©nergiâ€¦ @url,1
4493,L'islam est une religion de paix et d'amour.,0
4736,bande de mongol,0
5365,la thÃ©orie du deep state terme que trump ne renie pas reprend bien des canons de l'antisÃ©mitisme câ€¦,0
5488,tqt te soutient !! faut qu'il paye l'autre mongol la,1
5854,Everyone is free to dress as they see fit in a democracy.,0
6016,mon gosse pourra Ãªtre attardÃ© zoophile gros ou mince avec des lunettes et pleins de boutons pourra joueâ€¦,1
6317,passa teu twitter . ? â€” mongol,1
6323,My veil is personal and reflects my personal convictions.,0
8099,meurtre dâ€™une adolescente: Â«les mÃ©dias canadiens prÃ©fÃ¨rent protÃ©ger les rÃ©fugiÃ©sÂ»: @url via @user,0
8258,Really? It is contrary to the principles of Muslims to take advantage of a failure!,0
8362,Ah bon? C est contraire aux principes des musulmans de profiter d un ÃƒÂ©chec!,0
8580,Pouvez vous dÃƒÂ©tailler vos propos car les problÃƒÂ¨mes dont vous parlez sont sÃƒÂ»rement des problÃƒÂ¨mes sociaux economique.,0
8581,un tÃ©moin de l'empreinte des presque trois cents ans d'existence cumulÃ©es de l'empire mongol et de la horde d'or.,0
8586,mais biensur que oui mongol,1
8838,There are no musulmanie.,0
8869,le pavillon des rÃ©fugiÃ©s via,1
9151,@user @user @user celui de paris câ€™est un gros debile immature et pas drÃ´le le votre est vraiment attardÃ©,1
9603,I'm certainly more patriotic than you.,0
9623,"VÃƒÂ©rifie tes sources! L'islam prÃƒÂ´ne la libertÃƒÂ© de religion comme dans le Coran 'nulle contrainte en religion', prÃƒÂ´ne les valeurs de solidaritÃƒÂ©, de paix. Il a ÃƒÂ©tÃƒÂ© une source de lumiÃƒÂ¨re pour l'humanitÃƒÂ© avec beaucoup de dÃƒÂ©couvertes.",0
9697,Ces mots ne sont pas trÃƒÂ¨s tolÃƒÂ©rants envers l'humanitÃƒÂ©.,0
9766,les musiques rebeus Ã§a remonte le moral,1
9974,L Islam prÃƒÂ´ne des valeurs universelles de partage d amour de respect et de tolÃƒÂ©rance tout comme la RÃƒÂ©publique Ãƒ partir de lÃƒ y a totale compatibilitÃƒÂ© ne parlez pas de thÃƒÂ¨mes que vois ne maÃƒÂ®trisez pas.,0
10024,les populistes comme tu disils vont sauver ta peau de bobo gauchiste. certains n...attendent que le cha...,1
10310,mais ferme ta gueule les renois fake woke ptn,1
10353,@user @user jsuis pas raciste negrophobes esh ... jâ€™ai grave des potes renois rebeu asian europÃ©ens bâ€¦ @url,1
10620,Discours de haine. Pas d'amalgames. Le terrorisme n'est pas liÃƒÂ© Ãƒ une religion ou Ãƒ une race.,0
10751,les renois tue en plus tout en l'traitant il lui lÃ¢che un regarde maintenant il une tÃªte de tomate j'riais etâ€¦ @url,1
11075,lis le tweet que je espÃ¨ce de mongol avant d'ouvrir ta vieille gueule,1
11191,sachant qu'il est arabe il n'est pas objectifs donc si le traite de sale bougnoule de merde il ne pâ€¦,1
11213,une allemande rompt la spirale du silence. propos du #terrorisme #intellectuel des politiques et des #mÃ©dia et lâ€¦ @url,1
11811,c quoi ton type de mec â€” les rebeus @url,0
12112,elle propose des informations sur l'avortement mÃ©dicamenteux : le type de molÃ©cules et le dosage Ã  utiliser la proâ€¦ @url,1
12128,Ã‰videment que oui puisquâ€™il ne vas pas dans le sens de la pensÃ©e gauchiste pro migrants etc twitter est vraimentâ€¦ @url,1
12425,l'alcool tue davantage que le sida la tuberculose et la violence rÃ©unis,0
12778,@user l'aquarius participe au traffic de clandestins et Ã  la politique d'africanisation et d'islamisation deâ€¦ @url,1
13306,tâ€™piÃ©tine ta mÃ¨re pour un Â«Â sale noir sale arabeÂ Â»,1
13863,bien des migrants vivaient aussi dans l'illÃ©galitÃ© aux Ã‰tats-unis,0
13987,le secours catholique ardent promoteur de l'ensauvagement et de l'islamisation de l'europe ! son catholicisme dévo…,1
14210,les vegans sons des attardé qui font de la manipulation ses une forme de secte,1
14319,Ça fait plaisir de voir que ça agit vite et bien envers ce genre de gros mongol,1
14580,bien joué ça bande de mongol,1
14899,ah d'accord je ne m'avais pas attardé sur le compte. je crois que moi simp…,0
15469,il est temps d’en finir avec la délinquance et l’hyper-violence et d’en finir avec les barbares qui s’attaquent au…,1
16123,: [la philosophie islamo gauchiste d' lui interdit tout signe judéo-chrétien.,0
16136,l'europe n'est pas un menu à la carte lance macron aux pays qui refusent d'accueillir des migrants,1
16276,attendu que la un taux de politiciens plus élevé que celui des ...,0
17014,ce documentaire s'attarde aussi à la vie personnelle de q sa famille ses mariages ses enfants ses problèmes de…,1
17184,espérons néanmoinsil se ferait violence en prenant son argent qu'il pouvait réclamer par…,0
17577,tous ceux qui disent que les musulmans et l'islam c'est le terrorisme so…,0
18465,Il faudrait questionner les principales intÃ©ressÃ©es qu on n interroge quasiment jamais.,0
18908,RÃ©cupÃ©ration politique malsaine.,0
19846,Faudrait dÃ©jÃ que la RÃ©publique est des valeurs. Comme par exemple respecter la religions des autres.,0
19964,Franchement on a pas Ã se justifier devant des haineux qui ne veulent pas Ã©changer avec nous.,0
20333,Pour moi non chacun de nous peut vivre sa foie sans problÃ¨me.,0
20438,Encore une Ã¢nerie.,0
20480,"Lorsque vous buvez de l'alcool, cela retourne Ã votre cerveau.",0
20924,It is wrong to generalize because there would be 1.5 billion terrorists.,0
2040,@user l'avortement n'est pas forcément traumatisant non la grossesse forcée par contre... encore une fois… @url,0
2183,@user ah bah j’ai rien dit t’es bel est bien attardé bravo à toi,1
2776,j’me suis attardé à récupérer mon ex qui s’foutais de gueule et je suis passer à côté d’une fille bien à cause… @url,1
3119,mur anti-migrants au sahara : l'idée renversante de trump @url,0
3262,@user @user municipalité de gauchiste collabo,1
3367,des racistes s’ils savaient avec quels genre de negros et rebeus gainés leur fille parle,1
3479,@user @user @user et bien parlons maintenant des pays arabes ou du maghreb avec leurs valeurs musul… @url,1
3566,@user j'aime beaucoup ce concept c: le probleme... c'est que t'es gauchiste excusemoi si je t'ai bléssé xdddd (… @url,1
3620,@user @user faut-il arrêter de subventionner la presse qui encourage la haine la violence et le désordre ? ... #députés,1
3668,@user l'écran à l'air de te traiter d'attardé ou je trompe?,1
3841,@user @user comment vous pouvez oser écrire ces choses la ? donc en gros les arabes en demandent tr… @url,0
4207,sai mongol,1
4522,vous vouliez dire que la rhÃ©torique islamo-gauchiste est souvent calquÃ©e sur la rhÃ©torique antisÃ©mitâ€¦,1
4965,@user @user voilÃ  Ã§a ching chong encore ?,1
5130,And kippah is political Judaism.,0
5175,donc jâ€™Ã©tais dans le mÃ©tro en train de coller mon nez contre mon Ã©cran comme un putain dâ€™attardÃ© seul avec frustâ€¦,1
5326,quel dommage.malgrÃ© que juin 2017 violence conjugales auto dÃ©clarÃ©s mentionne qâ€¦,0
5357,seul les vrais hommes passe au dessus du fan service et s'attarde plutÃ´t sur l'oeuvre et le messageâ€¦,0
6199,@user @user il fÃ©dÃ¨re quand mÃªme marcon ! moi je suis une saloperie de gauchiste de merde et je suis d'accoâ€¦ @url,1
6346,Il faut se renseigner avant d'affirmer quoi que ce soit.,0
6548,And the veil of Christian sister is not an aggression to you?,0
6675,câ€™est attardÃ© qui dÃ©range mais dans le font le mÃªme avis faire des photos dÃ©nudÃ©es dÃ©jÃ  lâ€¦,1
6686,donne toujours le sale boulot Ã  l arabe de service et ces Ã©nergumÃ¨nes se sentent intÃ©grÃ©s,1
6722,mon pere: sale gauchiste de merde juste bonne se faire sauter par des punks chien de l'unef et militer pour l,1
6790,"Faux pour la plupart elles travaillent, si ce n est pas le cas c est un choix.",0
7028,@user @user maniaseries: Â«4 blocksÂ» explore le monde brutal des clans mafieux arabes berlinois Ã  laâ€¦â€¦ @url,0
7187,@user @user kooooooooo Â«Â je comrpends pas il yâ€™a des rdv?Â Â» jsplus elle avait dit quoi cette mongol,1
7624,L'islam n'est pas pour notre rÃƒÂ©publique.,1
7860,hier soir Ã  toulouse s'est fait embrouillÃ© par une meuf arabe et elle m'a insultÃ© de sale franÃ§aise sauf que sâ€¦,0
8261,allo les propalos ecologistes gauchiste aidez les pauvres palestiniens construire leur maison avec des vieux pneu,1
8507,ce sont plutot les collabos gauchiste qui avaient tourne les yeux de leurs pauvres congeneres causes d'eux des millier,1
8895,mais gros dirait que tâ€™es un mongol tâ€™es sorti 3 fois de chez toi pour trouver tâ€™as lâ€™air dâ€™avoirâ€¦,1
9046,il une meuf de 30 ans qui vient de lÃ¢cher unsale arabe de merdeÃ  un mec parce que il roulait trop vite Ã  vÃ©loâ€¦ @url,1
9357,"Your hatred is the disease, tolerance is the cure.",0
9481,mamah mais marquinhos mis les nerfs abusÃ© ! quel guignol et l'arbitre encore plus mongol #ompsg,1
9582,@user @user mdr si est connectÃ© et que lâ€™on vit pas comme toi est donc attardÃ©,1
9611,War 14_18 war 36_45? We emphasize the courage of Muslims during these wars.,0
9674,Islam is a religion and Muslims citizens are mainly French citizens.,0
9715,Secularism by definition guarantees the right to practice whatever religion.,0
9749,Personal judgement that you wish to erect as a universal rule.,0
10171,"God loves you, that's why.",0
10621,@user @user @user chacun ses goÃ»ts la beautÃ© reste subjective. certaines renois mettent des baffes Ã â€¦ @url,1
10934,antisÃ©mite complotiste et anti-trumpâ€¦ qui est lâ€™auteur de la fusillade qui fait onze morts dans une synagogue Ã â€¦,1
10943,magique la rÃ©ponse du Â«Â journalisteÂ Â» @user pris en flagrant dÃ©lit de militantisme gauchiste ! @url,1
11366,ptdr les darons renois câ€™est les meilleurs quand il tâ€™embrouille tu les regarde dans les yeux câ€™est un pb tu les reâ€¦,1
11842,Ã§a mclc tjrs jâ€™veux tweet jâ€™appuie sur comme un mongol en haut lÃ ,1
11907,"If a minority of 'Muslims' allows you to say that ALL Muslims are terrorists, then if you have a defective neuron in your brain, we can deduce from your logic that you are completely crazy!",0
11977,What is the conversion rate to the Muslim religion?,0
12051,@user de meklat Ã  badroudine : quand les #inrocks soutiennent l'antisÃ©mitisme islamiste gauchiste et bien-penâ€¦ @url,0
12074,@user @user @user un gauchiste deguise en politicien de droite un voyou de la bandâ€¦ @url,1
12428,l'ultradroite dÃ©jÃ  et l'oas c'Ã©tait des enfants de coeur? sale dÃ©bile va,1
12666,jsuis vrmt attardÃ© miam,0
13116,Il y a trop de -istes dans votre tweet. C'est le nouveau vire langue des identitaires ?,0
13153,les renois Ã  rennes savent que courir,1
13347,un gauchiste !! t'es au courant que les bresiliens ne supportent plus la gauche debilos !! neo nazi mais n'importe quoi!!!,1
13357,jâ€™ai beau avoir mon rebeu jpeux vosu dire quâ€™aujd la techno parade yavait 2 rebeus incroyables fiou ah ouais aussâ€¦ @url,1
13402,mdrr le mec parle des bites de noirs Ã§a se voit il connaÃ®t pas les teubs des rebeus â€” bon Ã§a est mdrrrr stop @url,1
13929,tu nous ramène une maladie de jérusalem?],1
14609,c’est un gauchiste normal qu’il soit con,1
14683,mais quel pays d’attardé bon dieu,1
14922,je conseille à francis vallat que chaque membre de son association accueille chez eux un migrant. on…,0
15224,c’est pas toi qui commencé à mal parlé des renois? et quand y’a le retour des flammes la rage mdrrrrr,1
15396,invité afrique - algérie: «les migrants sont beaucoup plus vulnérables maintenant» pour leïla berrato,1
15472,bah s'ils disent qu'ils ne sont pas français ce sont donc des migrants ? il faut donc les expulser !,1
16267,bienvenue à où des migrants africains complètement nus agressent sauvagement les françaises.,1
16449,je te disais que le terrorisme et la charia sont totalement incompatibles…,1
17685,en même temps les renois ont peur des chiens,1
17690,comme ça tu pourra dire c cause des renois allez bsx,0
17869,RÃ©visez vos leÃ§ons de droits! La laÃ¯citÃ© garantit la libertÃ© de manifester sa religion Ã tous et donc le port du voile.,0
21191,Bah Ã©coute pour quelqu'un comme moi qui est en en Master recherche en Sciences de l'Ã©ducation je suis bien enfermÃ©e ?.,0
21369,C'est justement parce que c'est faux que cela vous pose problÃ¨me!,0
2042,elle est conne grosse débile grosse conne conne conne débile attardé putain @url,1
2333,@user j'avoue t'es un mongol,1
2878,@user bonjour les gauchistes.,1
2979,@user je sais mongol t'as fait la même réponse au tweet de base,1
3764,@user le tweet comme l'article ne s'attardent pas beaucoup sur ce que ça pourrait changer d'avoir un européen… @url,0
3768,@user quand tu prens uber tu vois que des blacks et des rebeus la plupart du temps. pourquoi?,1
3891,@user woaawwww c'est vrai que la tu fais bien tourner ptn mais quel mongol contre les nuls la maison il m… @url,1
4053,Pas plus que vos mini jupe et autres.,0
4126,putain les renois ou les arabes qui deviennent policiers wallah je vous voient en mal ! inshallah vous avez une vieâ€¦,0
4341,In every religion there are good and bad.,0
4463,lâ€™attarde du coin @url,1
5198,@user @user merci Ã  vous deux je viens d'apprendre que je suis nationaliste antisÃ©mite complotisteâ€¦ @url,0
5665,#economics #politics #franceinsoumise au juste qui est amandine picard? une sale arabe? une syria protÃ©gÃ©e de sesâ€¦ @url,1
5869,rien Ã  voir avec le terrorisme ou l'islam !! c'est un dingue qui fondu un cable !,0
6090,@user @user tu va attirer tous les attardÃ© fan d'hanouna,1
6282,@user fig. 1 - lâ€™identitarisme et le terrorisme intellectuel.,1
6858,message Ã  l'attardÃ©(e) qui mis des cd d'Ã©tudes bibliques sur le banc de l'abribus sur dorchester : ils sont dansâ€¦ @url,1
7054,jmen fou au moins mentionne lâ€™egypte ft pas passer pr une mongol betement stp,1
7614,@user @user @user l'ivg faÃ§on gauchiste c'est comme le cholÃ©ra Ã§a se repend de partout,1
7646,Francaise d'origine portugaise converti Ãƒ l'islam.,0
7658,@user c'Ã©tait ironique mongol,1
7672,Les terroristes qui mÃƒÂ©ritent d'ÃƒÂªtre mÃƒÂ©diatisÃƒÂ©s sont musulmans.,0
7743,@user @user donc.. dÃ©noncer une fake news c'est faire du militantisme gauchiste..,1
7964,reconnaissons Ã  la gauchiste #fourest le mÃ©rite d'avoir ouvert les yeux sur les ravages de l'idÃ©ologie mortifÃ¨re deâ€¦ @url,1
8168,et toi sale arabe non? personne veut de toi tâ€™en trop marre de bz des chÃ¨vres ? donc ta la haine que onâ€¦,1
9238,@user vous Ãªtes fatiguant donc dit fermer sa bouche grr le blackos en face lui normal porte tee shirt bande de faux dÃ©rch,0
9286,mais mec ta 3 de qi ou quoi ? c'est pas les rebeus qui se considÃ¨re pas occidentaux mais les blanc quiâ€¦,1
9699,et soun c la meuf la plus myope du mond t'es 50cm d'elle elle te voit tjr pas elle fait des pss cmme une mongolâ€¦,1
9968,In your country? Or in musulmanie?,0
10164,le sondage d'attardÃ© quoi... arrÃªte de dire aux gens ce qu'ils doivent faire Ã§a te rendra peut-Ãªtre intelligent.,0
10202,@user bah s'ils disent qu'ils ne sont pas franÃ§ais ce sont donc des migrants ? il faut donc les expulser !,1
10322,C'est impossible car les hommes sont libres de choisir leur religion.,0
10350,les fÃ©ministes sont les idiots utiles de causes qui les dÃ©passent. leurs donneursâ€¦,1
10693,@user je sais mongol t'as fait la mÃªme rÃ©ponse au tweet de base,1
10883,Terrorists are all frustrated offenders who are rejected by the Society.,0
10982,ptdr mÃªme pas en rÃªve sale ouf jâ€™nique sa race lâ€™agresseur et je mets une tarte Ã  mon ex en guise de remerciement genre,1
11239,sos racisme officine gauchiste et dhimmi qui prÃ©fÃ¨re dÃ©tourner la tÃªte quand le racisme anti-blanc sÃ©vit ! @url,1
11275,la Â« jeune fille moderne Â» Ã  la fois pour lâ€™avortement le plus libre contre la peine de mort (pour des câ€¦,1
11291,"Si tel est leur choix, vous ne pouvez pas leur interdire ce que les droits de l homme ont consacrÃƒÂ©, la libertÃƒÂ© de culte.",0
11503,Vous habitez sur quelle planÃƒÂ¨te?,0
12039,The constitution and the laws guarantee the freedom to manifest one's own religion and therefore the use of the veil.,0
12138,La vocation de l'islam n'est pas d'obliger qui ce soit Ãƒ faire quoi ce que ce soit.,0
12339,@user ostie dâ€™mongol,1
12825,@user et pour quâ€™on sâ€™attarde sur sa coupe plutÃ´t que sur son genou en mousse,1
13232,j'avoue t'es un mongol,1
13418,Il faudrait vous dÃƒÂ©cider Ãƒ comprendre ce qu'est l'islam.,0
13539,allemagne : les clans arabes font la loi. la police avait dÃ©cidÃ© de ne pas rÃ©agir pour Ã©viter de se faire traiter dâ€¦,1
13981,vous comprenez tout de travers. il n'appelle pas les africains à franciser leurs noms…,0
14064,t’aimes bien les rebeus ? — j’ai rien contre mdrr,1
14179,un témoin de l'empreinte des presque trois cents ans d'existence cumulées de l'empire mongol et de la horde d'or.,0
14870,espèce de sale trans tu ressemble à un vieux pd qui sort d’une grosse partouze avec des renoi,1
14944,quel moment j'ai parlé de rami ptn?? je te parle d'amavi t'es mongol ??,1
15090,mongol leu mais damqko ragal trop mom mais milnee mkm maçon deug leu,1
15448,ptdrrrrrr c vrai que souvent c des mongol qui ont ces chiens là :/,1
15474,après le terrorisme ils remettent la faute sur les femmes. l'islam pour eux c'est enfermer les femmes.,1
15715,22 migrants dont des sénégalais arrêtés dans un bus en direction de la gare de lyon-perrache -…,1
16071,la 1ère étape du négationnisme est de ne pas prononcer le mot islam. il s'agit pourtant de …,1
16347,ces migrants qui veulent s’investir pour l’europe,1
16680,dites-vous bien que la plupart des gars dans la sécurité sont des arabes..,1
16934,et là je parle notamment de la pma et du droit à l’avortement. ou même des violences gynécologiques. parce que oui…,0
17298,sinan pff c est fatiguant ce genre attardé j ai autre chose à foutre,1
17589,et bien entendu les clandestins et les migrants qui traversent les feu-frontières eur…,1
17667,je n'y avais pas pensé mais il peu à nantes des maghrébins ont affronté des africains.,0
18394,Submissive women are rather those who submit to prostitution networks and are sexual objects.,0
18501,"La femme voilÃ©e comme n'importe quel Ãªtre humain est libre de protÃ©ger son corps comme elle le souhaite, elle n'a pas envie de plaire et encore moins de sÃ©duire pour pouvoir exister, elle veut Ãªtre en paix avec sa conscience.",0
19509,"J'ai grandi dans un quartier avec des franÃ§ais, italiens , portugais, turques, vietnamiens,. Qu'est je que j'ai pu les dÃ©tester. Mais je les ai encore plus aimÃ©!",0
19854,J'ose dire que la RÃ©publique est incompatible avec toutes les religions.,0
20522,"Affirmation tres recherchÃ©e, tu peux mieux faire.",0
20590,"\"Cette dÃ©claration revient Ã dire \"\"les Allemands sont tous antisÃ©mites xÃ©nophobes\"\".\"",0
20682,Ceci est une incitation Ã la haine et stigmatise une partie des citoyens franÃ§ais.,0
21011,Et les allemands sont tous nazis ???,0
21291,"Si la plupart des femme et enfermÃ©es c'est Ã cause de vous pas de leurs marie ,vous les stigmatisÃ©es Ã chaque fois qu il feulent faire quelque chose vous les bloquer avec vous commentaires raciste.",0
21353,N'inversons pas les rÃ´les. Les femmes voilÃ©e sont interdite de tout!,0
2101,@user c est qui le salopard qui dit que le terrorisme se reclame de l islam . quid des 150 assassines u… @url,1
2308,#macron ne connait pas l'histoire de france. il essaie de s'en servir avec une maladresse d'adolescent attardé. pau… @url,1
2575,j'adore voir la eternalfreedom si prompt à défendre les palestiniens avec ses copains rebeus et qui se retrouve bie… @url,0
2710,jean michel aulas il trouve des rebeus il leur achète un grec et il les revends à 100 millions,1
3123,@user chez nous la fachosphère un proverbe qui résume assez bien la pensée gauchiste moderne et qui vou… @url,1
3199,toutes les femmes qui sont contre l'avortement j'espère que vous allez tomber enceinte sous pillule avec préservatif.,1
3254,@user @user alors ouvre pas trop ta gueule. parce que ici qui besoin d'une substitution la vi... @url,1
3357,var ou pas var pourquoi strootman fait ça ? quel mongol.,1
3371,@user oui et tu fais partie des mongol qui propose des 1vs1,1
3378,@user outra mongol,1
3987,@user @user @user oui voima reduire certes mais imposer quils aillent se faire enculer,1
4046,wallah nous au cinÃ©ma un rebeu crier tous le monde rÃ©pondu : oh ferme ta gueuke va te niker apres il sâ€™est eâ€¦,1
4210,L islam est une religion elle ne peut envahir personne. Chacun est libre d y adhÃƒÂ©rer oÃƒÂ¹ non.L islamisation est un terme inventÃƒÂ© qui n a aucun sens. La seule raison qui vous pousse Ãƒ avoir de tels propos c est la mÃƒÂ©connaissance.,0
4731,@user @user @user les fÃ©ministes extrÃ©mistes sont cancer en effet. mais la plupart des fÃ©ministes de baâ€¦ @url,0
4761,L'islam est une religion non raciste ou toute personne est respectÃƒÂ©e quelque soit son origine et sa religion.,0
4823,Do not stop them from working and studying then.,0
5117,We are at home.,0
5141,une attardÃ© visiblement,1
5234,ya que les petites rebeus de 18ans pour critiquer les trucs qui nous font rire ou quâ€™on fait,1
5410,l'Ã©cran Ã  l'air de te traiter d'attardÃ© ou je trompe?,1
5607,Â« attardÃ© Â»,1
5890,The term Islamic is an aberration.,0
6018,#grÃ¨ce: les transferts de rÃ©fugiÃ©s et migrants vers le continent sâ€™accÃ©lÃ¨rent.,1
6236,ah oui. câ€™est un jeunot qui distribue les diplÃ´mes de Â« bon gauchiste Â». bon sang twitter est un repÃ¨re de gens bizarres...,1
6303,dialectique gauchiste intÃ©ressante.,0
6372,allez vas tire les larmes... tu crois que le mongol c'est tout rose sa life?,0
6432,paris premiÃ¨re mise en demeure pour des propos d'eric zemmour sur les migrants musulmans @url @url,0
6486,@user @user @user il parle de l'islam des caves... celle qui mÃ¨ne au terrorisme au djihadâ€¦ @url,1
6937,ÃŠtre 4 renois dans une 206 musique fond vapotes Ã  gogo et oublier les papiers de la voiture,1
8065,@user les mariages rebeus yâ€™a rien de pire le podium la meuf qui se croit Ã  un dÃ©filÃ© et qui change 107 foisâ€¦ @url,1
8096,et je parle mÃªme pa des renois qui mettent pa de crÃ¨me,1
8340,sah tu peut difficilement Ãªtre plus attardÃ© que les gens de classe c est phenomenal,1
8489,confÃ‰rence â€“ tintin dans les pays arabes,0
8538,et dites aussi vive le front national pendant que vous etes ! c'est une histoi...,0
8611,@user @user jâ€™ai rien contre lui jâ€™rigolais mongol va,1
9292,It was non-Muslims who opened the practice of terrorism.,0
9363,c'est Ã§a les mariage rebeus :/,1
9390,invitÃ© afrique - algÃ©rie: Â«les migrants sont beaucoup plus vulnÃ©rables maintenantÂ» pour leÃ¯la berrato,1
9391,usa croissance de 42% au 2ieme trimestre mais le gauchiste viktorovitch de cnews va nous dire que c'est grÃ¢ce Ã  obama,1
10036,et elle retour en afrique qui lâ€™attend.,1
10364,que tweet mais mongol,1
10428,ptdr il 36 ans il joue encore lâ€™ado attardÃ©,1
10510,un jour au college Ã  l'Ã©poque je m'Ã©tais fait insulter de sale juif ( suis musulman ) par un juif complexÃ© de l'Ã«trâ€¦ @url,1
10709,tout comme l'allemand mÃ¨ne au nazisme quel attardÃ© ce mec,1
11138,It is through religious conviction.,0
11326,L'islam n'appartient pas au monde moderne.,1
11499,"There is no compulsion in Islam, the use of the veil by the woman is a personal choice and of faith, it is not required by the family or by the husband.",0
11913,l'avortement est un droit. donc tous ceux qui sont contre je vous le dis bien fort : je vous merde. mais d'une foâ€¦ @url,1
12360,"L'islam prÃƒÂ´ne ÃƒÂ©galement la libertÃƒÂ©, l'ÃƒÂ©galitÃƒÂ© et la fraternitÃƒÂ©. Cela est visible dans de nombreux versets et des paroles prophÃƒÂ¨tiques.",0
12484,"This is a personal choice, proof: the nuns!",0
12611,"I agree that it is our fault if you have a total lack of culture on ISLAM, I invite you to drink a tea with me for some clarifications.",0
12705,d'accord le gauchiste,1
12724,You are the one who locks them up and stigmatizes them so much.,0
13076,es un sacrÃ© mongol,1
13094,âœžpÃ¨re henri bouladâœž: Â« j'accuse l'islam d'Ãªtre Ã  la source du terrorisme Â» @url via @user,1
13189,Don't you like the color?,0
13532,tu manques gros a. â€” si tu Ã©tais renseignÃ© il est dans classe mongol,1
13580,Sans commentaires.,0
13630,invitÃ© afrique - algÃ©rie: Â«les migrants sont beaucoup plus vulnÃ©rables maintenantÂ» pour leÃ¯la berrato @url,1
13664,le cheval gallois l'attardÃ© de bogota,1
13782,pour en finir avec la thÃ©orie du complot anti-voitures @user @user @url,0
14042,merde aux juifsmerde aux arabesmerdes aux blancs aux noirs.nous sommes des humains un point c est tout !,0
14359,ces toi qu’à inventé la langue arabe sale pute ?,1
16090,et ouais des mongol à marseille,1
16212,encore un putain de mongol ... les llyonnais vous êtes à chier !!!!,1
16478,quand t'insulte une féministe,0
17979,En quoi un bout de tissu peut Ãªtre une agression contre quelqu'un?,0
18688,Which party?,0
19183,Vive la RÃ©publique et vive La France! FiÃ¨re d'Ãªtre franÃ§aise de confession musulmane.,0
19321,"Vous Ãªtes d'un cynisme; et vous donc, retournez y dans votre pays.",0
19762,"Faux, la majoritÃ© de musulmans respecte les valeurs rÃ©publicaines.",0
19807,Islam is a religion entirely compatible with the values â€‹â€‹of the Republic. Otherwise France would have 6 million problems.,0
21081,"Je pense que si c'Ã©tait le cas, nous n'aurions pas la chance de le dire.",0
21210,I know an American congresswoman who would not agree with you.,0
21267,Donc ce n est plus un problÃ¨me pour vous!,0
21354,Let us not turn the tables. Everything is prohibited for the veiled women.,0
2061,flm des meufs attardé qui ce tartine tt l’es matin,0
2248,hier j'ai fini la saison 1 de punisher. je crois que je n'ai jamais vu autant de violence dans une série ou un… @url,0
2388,du bleu du blanc et du orange bande de mongol @url,1
2586,rebeus: [j'ai keblo le gars il part trop en couille en disant m'envoyer ses cousins. c'est le premier à dire que les reb… @url,1
2636,la collection de méduses de l'aquarium de paris est très impressionnante. je suis attardé sur un aquarium et c'e… @url,1
2782,quand vont voir les go c des trans vont parler ching chong @url,1
2929,que représente elle cette journaliste gauchiste qui se réclame de charlie ? insensé de laisser ces gens là répandre leur bêtise.,1
3048,@user @user chaque jour il devient de plus en plus attarde,1
3962,@user et le vp est au ce depuis 1930 ; « ns avons commis la guerre » ; mais ne s’attarde pastrop sur le rôl… @url,0
4464,@user en meme temps en 1 h de cours l'arabe c'est appris ! wesh wallah nick ta mÃ¨re la pute sale franssÃ© moâ€¦ @url,1
4811,l'islam n'est pas le terrorisme... je veux dire l'extrÃ©misme et il existe dans toutes les reâ€¦,0
4870,bon aller baize tes mort d'attardÃ© complÃ¨tement ravagÃ© mentalement et laisse les grand trkl,1
4948,Do not listen to fools.,0
5650,"Il n'y a nul contrainte en islam, le port du foulard est un choix personnel et de foi, non exigÃƒÂ©e par le mari ni la famille.",0
6109,jâ€™ai lâ€™impression de parler Ã  un attardÃ©,1
6279,relis ton dernier message mongol... tu suis rien aussi. je dis les lois du paysâ€¦,1
6386,Regarde ailleurs ?.,0
6391,C'est une tentative de manipulation de l'opinion publique.,0
6563,ceci ne donnet il pas justement raison zemmour ? et c'est un proche de macron qui prend la tete du terrorisme inâ€¦ @url,1
6586,You should try visiting a mosque and chat with an imam. You would be very surprised at the level of tolerance shown by the Muslim.,0
6963,yâ€™a frapper un gars sâ€™mongol @url,1
7005,je viens de dÃ©couvrir le mode nuit de twitter je suis vraiment une attardÃ©,1
7016,@user @user @user ceux qui font l'apologie du terrorisme ce sont ceux qui rÃ©pÃ¨tent partout qâ€¦ @url,1
7274,il n'y que les communautÃ©s arabes et africaines qui posent problÃ¨me eâ€¦,1
7518,les attaques terroristes racistes antimusulmans; ne sont que rarement qualifiÃ©es de terrorisme. https:â€¦,0
7663,ils confirment que ahed soutient ( rÃ©pÃ©tez aprÃ¨s moi...) la resistance palestinienne nuance..lesâ€¦,0
7721,elle vivait Ã§a meilleur vie renois par ci renois par lÃ  ! le renois 1 avait rien demaâ€¦,0
7846,mddrrrr parle mieux sale arabe,1
8350,"Similarly, your string may be uncomfortable to other people.",0
8940,la difference entre lui et toi c est qu il fait 12 ans etude et que toi es juste un putin attardÃ©,1
9019,jâ€™ai failli postuler dans un magasin de fringues mais le fait de penser Ã  garde-robe de bobo-gauchiste non-binaâ€¦ @url,1
9038,Ã‡a sent le prÃ©pubÃ¨re gauchiste de 60kg tout moâ€¦,1
10040,un gauchiste qui prÃ©fÃ¨re essayer de rÃ©cupÃ©rer les derniÃ¨res voies des socialistes en feâ€¦,0
10351,est ce que la drogue inclut aussi le terrorisme certainement car les terroristes sont des droguesâ€¦,1
10578,la derniÃ¨re phrase est tellement vrai il vraiment lâ€™air dâ€™un attardÃ© des fois @url,1
10889,Bien au contraire la laÃƒÂ¯citÃƒÂ© permet Ãƒ tout citoyen de vivre librement sa confession.,0
10895,Muslim women are stigmatized.,0
10941,These are the wrong images that frighten you.,0
10956,mon voisin du dessus il est pour le psg ce mongol il vient de faire un Ã©norme hurlement en criant Â«Â mbappeeeeeeÂ Â» oâ€¦ @url,1
10980,@user il n'y pas plus cupide qu'un gauchiste. arrÃªte de te masturber sur le racket de l'argent des autresâ€¦ @url,1
11091,"Elles volent donc le travail des franÃƒÂ§ais en restant enfermÃƒÂ©es Ãƒ la maison! Et au lieu de financer des recherches scientifiques pour comprendre un tel pouvoir, vous vous les mettez Ãƒ dos ?",0
11115,@user il sâ€™appelle adnan oktar il est en prison la ce mongol,1
11748,The Islamic veil is the best weapon ever worn by a woman today.,0
12009,Beaucoup de istes pour mieux appuyer ces assertions douteuses. Le suffixe iste a bien ÃƒÂ©tÃƒÂ© choisi.,0
12271,Le voile islamique n'a pas de source dans l'islam politique mais Il peut ÃƒÂªtre utilisÃƒÂ© dans un but politique.,0
12334,There is no connection between the veil and politics.,0
12405,@user @user @user donc elle pose des soucis attends mais tes tes attardÃ© enfaite tu lance un dÃ©bat avecâ€¦ @url,1
12414,sauf quâ€™ilâ€™ yâ€™a un pote ( renois 2) du renâ€¦,1
12439,That's your problem not mine!,0
12481,Je suis musulmans et franÃƒÂ§ais et fiÃƒÂ¨re de l ÃƒÂªtres.,0
12877,putain jâ€™ai une envie de graille noich Ã§a fait 2j mais maladie mâ€™empÃªche dâ€™avaler des substances solides aidez moi,1
12910,Â« islamo - gauchiste ? Â»,1
13193,@user du terrorisme intellectuel et mÃªme pas subliminal.,1
13530,le pauvre il faut qu'il arrÃªte le pinard le gauchiste qui affirme que l'affaire clÃ©ment mâ€¦,1
13754,sur du er mongol,1
14295,découvrez solidarité des femmes burundaises au . l'association se bat contre les de…,0
15703,il en va de l’accueil des migrants comme de la cultureles 2 nécessitent…,0
16867,l'ennemi est partout... la france est une nouvelle fois la cible de terroristes mais cette-fois ceux-ci n'ont rie…,1
17147,que feraient les politologues juifs s'il n'y avait pas eu les nazis?,0
17593,c bien tu fais des bons jeu de mot pour un attardé mental...,1
18171,C'est vous qui manquez de tolÃ©rance vis Ã vis d'une personne qui ne pense pas comme vous.,0
18236,Il n'y a pas d'obligation de porter le foulard. Libre Ã la personne de le porter ou pas.,0
18496,And a third not for hate.,0
18726,No comment.,0
19028,Les musulmans doivent intÃ©grer ou quitter la France!,1
19203,Cela sous entend que je suis venu de qq part or je suis nÃ©e ici.,0
19794,Les valeurs de la rÃ©publique sont mes valeurs en tant que musulmane.,0
19842,L'islam prÃ´ne Ã©galement l'Ã©galitÃ© et la tolÃ©rance vis Ã vis des non musulmans.,0
20261,Les citoyens d'une nation (de quelconque religion) ont vocation Ã jouir de leurs droits confÃ©rÃ©s par les impÃ´ts collectÃ©s.,0
20671,This kind of talk should be condemned!,0
20817,Apportez vos sources que nous vous les expliquions un Ã un.,0
21075,"\"Et les chrÃ©tiens sont tous des racistes esclavagistes (mais dotÃ©s d'une profonde qualitÃ© humaine)? Les juifs tous des banquiers malhonnÃªtes commenÃ§ant toutes leurs phrases par \"\"sur ma vie","la vÃ©ritÃ©\"\"? Les chinois tous des ouvriers sous-payÃ©s commenÃ§ant toutes leur phrases par \"\"honorable Ã©tranger\"\"? Les indiens tous des standardistes se prosternant devant des vaches? Vous vivez dans un monde qui n'existe pas"
2084,dommage ces connards islamo-gauchiste antiflics salissent le corps enseignant entier @url,1
2513,@user @user possible. mais y'a vlà les renois de 2m à cergy ptdrrr donc j'sais ap,1
2738,@user @user je ne parle de tous les migrants actuels il faut savoir reconnaître la compétence et la volonté d… @url,1
2802,@user @user mdrr tu parle comme tout les renois tu dois flipper à chaque fois que tu en vois un ..,1
2931,#bresil exemple de #fakenews #gauchiste : ces sont les amerindiens eux-memes qui tuent les nouveaux-nes en les en @url,0
3691,@user les gens se sentent tous visés ! c’est une secte alors ? comme les blacks les arabes les instits...,0
4091,je suis attardÃ© sur les commentaires des diffÃ©rents articles de la page fb du gorafi. facebook câ€™est quelque chose en 2018 mdrrrr,1
4284,ce que serait la france sans les renois et les rebeus,1
4471,Oui nous somme plus d'1 milliard de terroriste! Et c'est nous qui crÃƒÂ©ons tout les conflits!,0
4700,@user dit le gauchiste. quand reÃ§oit des menaces de l extrÃªme gauche et voit les millions de dÃ©gÃ¢ts et lesâ€¦ @url,0
4710,C'est faux la religion musulmane et la plus fraternelle des religion pour tous le Monde.,0
4821,et bien le mieux c'est de faire ta propre statistique sur l'Ã©volution de la violence et desâ€¦,1
5466,Le voile/foulard est un choix personnel et libre.,0
6280,nous les noirs les rebeus veut tous les Ã©radiqâ€¦,1
6294,L'islam est une religion basÃƒÂ©e sur la paix.,0
6510,Les musulmans sont sombres.,1
7214,je parle de l'autre mongol qui se sent seul en mÃªme temps vue sa gueule sa mâ€™Ã©tonne pas le pauvre â€” j'avais comprisâ€¦ @url,1
7430,"Muslims is not a nation. Muslims are found in various countries. And a French Muslim has his rightful place in France in this country, which is his own, in which he lives in peace with all his fellow citizens.",0
7434,With all Muslims as terrorist all the earth would be civil war. So WRONG!,0
7435,@user @user @user je te parle par rapport Ã  au protestantism tu dit que nous mÃ©langions du polythÃ©ismâ€¦ @url,0
7499,l'autre mongol quesqu'il raconte 2 viewers t'as pas la motiv l'autre papi avec sa radio il est restÃ©â€¦,1
7572,du coup pourquoi l'evolution fait qu'on des canines si est destine bouffer...,0
7644,un centre pour rÃ©fugiÃ©s ouvre sans polÃ©mique dans le 16e arrondissement de paris,1
7768,"There is a religious reason behind this. Besides, doctors prevent people who are going to have surgery from eating too.",0
8129,@user @user l'islamo-gauchiste @user comme @user mentent pour nier le racisme anti-blaâ€¦ @url,1
8160,moix c'est un anti tout pro rien une sorte d'ado trÃ¨s attardÃ© enfin pas fini quoi insupportable,1
8201,Ta parole est une agression contre ma religion.,0
8742,C'est un devoir dans l'islam.,0
9080,en fait la violence fait tellement partie de lâ€™adn de lâ€™extrÃªme gauche depuis les bolchevikâ€¦,1
9373,d'aprÃ¨s @user la police ferait mieux son travail s'il avait plus d'arabes et noirs parmi les policierâ€¦ @url,1
9379,@user @user @user faux. les gens non-exposÃ©s Ã  la violence prÃªche la non-violence puisqu'ilsâ€¦ @url,0
9420,c qui le mongol qui oubliÃ© dâ€™Ã©teindre ses veilleuse ??,1
9457,@user @user @user le probleme c'est qu'un gauchiste profond peut rÃ©diger un tel tweet. gauche=maladie mentale,1
9947,ce mec est de la origine que toi et ti parle mdrr sale arabe,1
10501,Quite a program.,0
10634,"Pas du tout, nous portons notre voile par conviction, par amour.",0
10853,@user @user @user @user @user Ã‡a s'attarde sur l'orthographe paske Ã§a ne compreâ€¦ @url,1
10903,Caucasian extremists are said to be mentally unstable while the same bazanÃƒÂ©s are described as terrorists.,0
11141,cette merde ne sont pas des migrants mais il faut les expulser!,1
11569,Parce que vous stigmatisez cette communautÃƒÂ© tout simplement.,0
11883,j'imagine l'Ã©tymologie comme mongol --&gt; golmon --&gt; golbute --&gt; golbuterie ? c'est technique.,1
12044,@user ils le prennent pour un attardÃ© ou quoi ptdr,0
12076,Amalgames qui peut tuer.,0
12147,ptdrrr beurk les rebeus de service comme Ã§a la beurk beurk beurk @url,1
12243,"It is certain that at this rate, they will be completely rejected, no school outings, no swimming pool, no sports and no job. Whose fault is it?",0
12371,la fachosphere ete inventee par la conosphere gauchiste cours d'arguments. la survie qu'on peut.nla cgt ap,1
12683,les statistiques ethnique dementirez aisement ce temoignage d'une gauchiste dt l'i...,0
13278,ras-le-bol massif de l'islamisation dâ€¦,1
13631,"La France est un pays laÃƒÂ¯c, oui. Au nom de cette laÃƒÂ¯citÃƒÂ©, l'Etat franÃƒÂ§ais s'astreint Ãƒ la neutralitÃƒÂ© quant aux libertÃƒÂ©s religieuses, qui d'ailleurs sont inscrites dans les libertÃƒÂ©s fondamentales. C'est la laÃƒÂ¯citÃƒÂ© qui garantit et protÃƒÂ¨ge les convictions religieuses quelles qu'elles soient en France.",0
13954,zemmour aphatie radicalité de l'un terrorisme intellectuel de l'autre ... une maladie: les idéologies une vic…,1
14180,ps mais el acquiaissais tout ce qu'el disait el disait à la russe laisser tomber faut ps par…,0
14634,c’est ouf comment les rebeus de qua…,0
15321,-sale arabe:…,1
15329,c’est juste là tu t’affiche à sucer les rebeus te le dit pas mais moi je te le dis à ta place j’aurais honte — m…,0
15420,quand il parle des supporters des ultras il est dans un délire c’est grave ce mongol,1
15701,ferme ta gueule ptit con guette ton blaze d'attardé mentale fils de pute,1
15704,Ça commençait pas trop mal et ça part en couille sur des délires complotiste anti…,0
15815,cst comme parler d'islam et de terrorisme. les gens qui brisent des vitrines détruisent sous-couvert de l'antispé…,0
16528,prenez moi pour cque vous voulez mais le délire des meufs rebeus en france c’est vraiment ce qu’il de plus dégo…,1
17051,ok ba dans ce cas les arabes volent violent et sont des djihadist…,1
17229,ok l'attardé,1
17761,qui est il ? le pure produit d'une idéologie islamo-gauchiste descendant de la grande période de collaborat…,1
18662,"Le voile est un vÃªtement comme un autre, la laÃ¯citÃ© n'impose aucune maniÃ¨re de s'habiller mais prÃ´ne le respect de chacun et protÃ¨ge la libertÃ© de chacun dans ce choix.",0
19630,"Faite un tour Ã la mosquÃ©e, parlez aux fidÃ¨les et vous verrez que vous vous faites une mauvaise idees des musulmans.",0
20765,Discours de haine. Pas d'amalgames. Le terrorisme n'est pas liÃ© Ã une religion ou Ã une race.,0
2027,cette vidéo traumatisante du rituel de coalition mr-nva été censurée de facebook pour « violence extrême » survi… @url,0
2210,pittsburgh : le poison de l’antisémitisme encore tué (pcf),1
2553,les joueurs ps4 c’est des mongol en puissance,1
3061,imagines te traite de « sale arabe » mais t’es pas arabe,1
3572,@user @user @user l'ultradroite déjà et l'oas c'était des enfants de coeur? sale débile va,1
3580,@user @user @user @user je confond rien tu es juste un attardé qui sait pas s'exprimer @url,1
3875,@user @user en même temps les renois ont peur des chiens,1
4064,Les femmes musulmanes sont gardÃƒÂ©es Ãƒ la maison.,1
4078,@user @user jâ€™suis pas attardÃ© pour mâ€™amuser Ã  afficher des meufs que je recale. jâ€™insulte personâ€¦ @url,1
4079,"The Muslims hate the actions, not the man.",0
4312,"Si vous essayez de comprendre l'Islam, vous verrez qu'il est en rÃƒÂ©alitÃƒÂ© beaucoup plus compatible et beaucoup plus libre que vous ne le pensiez.",0
4375,Every cult has its own meat. How is it a problem for you to eat hallal meat as long as you have no ban?,0
4504,@user @user @user le dÃ©sastre 68tar interdit d'interdire  pensez gauchiste pour mieux trahir un peuâ€¦ @url,1
4715,@user bas prÃ©cise dit le Â«Â tout les rebeu qui acceptent pas que je soi avec un renoi je mâ€™en fou de ce que voâ€¦ @url,1
5377,l' #alcool tue plus que le #sida la tuberculose et la #violence rÃ©unis. posons-nous les bonnes questions...â€¦ @url,1
5501,You know nothing about the religion or its practitioners.,0
5830,c'est qui le mongol qui se lÃ¨ve Ã  4h et qui se pointe au boulot alors qu'il est en vacance? c'est moi ;),1
7406,1.5 billion terrorists.,0
8615,heureusement que personne de tl follow cet attardÃ© mentale,1
8844,j'aime une vidÃ©o @user chine : le rejet des migrants africains Ã  l'adresse @url,1
9036,manÅ“uvre gauchiste habituelle : essaye de dÃ©tourner l'attention portÃ©e sur en utilisantâ€¦,1
9051,notre ennemi c'est alain soral et toute sa rhÃ©torique complotiste antisÃ©mite,1
9173,"Who is the most at home, who is rejecting the other by fear or the Muslim who home. The only country of the racist is the person and only him!",0
9206,@user @user argumentaire d'ado attardÃ© pp de bouffon falsification de l'histoire fantasme sur l'hisâ€¦ @url,1
9330,RÃƒÂ©visez vos leÃƒÂ§ons de droits! La laÃƒÂ¯citÃƒÂ© garantit la libertÃƒÂ© de manifester sa religion Ãƒ tous et donc le port du voile.,0
9519,"Veiled women suffer a lot of discrimination, which could lead some of them to lock themselves away.",0
9821,There is no such thing as Musulmania to emigrate to.,0
9890,shoutout les daronnes rebeus avec leurs fils adorÃ©s,1
10031,Quels sont les arguments?!,0
10096,va recommencer @user la traite arabe s'Ã©tale sur une pÃ©riode allant du vii Ã¨me siÃ¨cle jusqu'en 1920. eâ€¦ @url,0
10411,Thanks to you! For some people unfortunately.,0
10435,et le rire de ce mongol de lucas tout bourrÃ©,1
10785,Ceci est une incitation Ãƒ la haine et stigmatise une partie des citoyens franÃƒÂ§ais.,0
10922,quand en plus la violence sociale (perteâ€¦ @url,0
11302,@user @user câ€™est absolument pas ce quâ€™il dit attardÃ©...,1
11374,"Just like you, veiled women are endowed with free will. Wearing the veil or not is a personal decision.",0
11417,@user un mec qui traite un arabe de sale rebeu câ€™est du racisme par contre deux types qui tabassent un pÃ¨re dâ€¦ @url,1
11424,sale attardÃ© va,1
11712,@user autant pour moi grande beautÃ© (sale arabe),1
12406,"Il y a plus d'un milliard de musulmans dans le monde donc si c ÃƒÂ©tait le cas, on aurait rencontrer plus d'actes terroristes.",0
12516,bien jouÃ© Ã§a bande de mongol,1
12581,"The veil is not a sign of submission to a man, it is a free choice.",0
12995,le nÃ©gationnisme du racisme anti-blanc de l'islamo-gauchiste la mÃªme argumeâ€¦,1
13139,Pas de musulmanie. La majoritÃƒÂ© des musulmans en France sont franÃƒÂ§ais et rÃƒÂ©publicains.,0
13149,des migrants africains nus qui agressent sauvagement des franÃ§aises pas qu cergy,1
13486,I don't know how to answer that question.,0
13706,il serait:anti islamisme (anti radicalisme terrorisme extrÃ©misme) ou anti iâ€¦,0
13787,Aucun rapport entre le voile et la politique.,0
13894,irl une gauchiste bobo anti-raciste : « quand je lis ou de part leurs provocations i…,1
13951,fascinant la capacite des gauchistes tjrs rejeter la faute sur les autres. cessez dimp…,1
14293,pour comprendre le racisme anti noir structurel chez certains arabes: ouvrez le génocide voilé de . un…,0
14552,mdrrrr j’imagine trop un mec faire du bruit tout seul chaque matin comme un attardé dans sa voiture,1
14610,j'ai pas dit que t'écrivais à place espèce de giga mongol j'ai bien dit que j'écrivais de…,1
14790,la france un pr autiste - ou débile - ou camé. j'arrive plus à savoir.,0
15570,toi tu kiff les rebeus — askiparaaait,1
15624,eh j’suis mort les renois sur ce réseau même pas ça s’appelle par leur blaze,1
15862,je te jure genre je dis « bah nan j’aime tout » elle dit « nan je pense c’est les renois je te vois…,0
16156,qu’est-ce que vous en fait de zemmour l’arabe il est rac…,1
16505,regarde ses tweets ptdrrr vraiment il est attarde,1
16527,ca m’choque pas hein certains parents renois sont aussi racistes que certains parents rebeux,1
16692,les renois quand il une pénurie de crème mixa,1
16890,mec si il gagne pas cobtre liverpool ils st eliminate donc fais pas l’attardé ici,0
16966,elle commence sérieusement à nous gonfler cette blackos stupide et inculte à u qi d'huître...,0
17061,t’a pas mentionné toi mongol,1
17209,psychiatrise les terroristes psychiatrise ceux qui les dénoncent... le terrorisme rend vraim…,1
17275,vous êtes mongol un championnat c'est pas en 1 match ; et au bar…,1
17292,ptdrr ta tous les renois de châtelet ils vont arriver en ball,0
17638,aux complots aux guerres des intÉrÊts economiques &amp; politiques aux machiavÉlisme.…,0
19011,Wrong. Useless.,0
19137,"Je suis nÃ©e en France, de parents FranÃ§ais, de grand-parents FranÃ§ais, d'arriÃ¨re grands-parents FranÃ§ais. Je retourne oÃ¹? En Gaulle?",0
19425,"Loving one's fellow is one of the mottos of Islam, especially for the foreigners.",0
19673,Critics and blasphemy are two different things.,0
20594,Donnez la dÃ©finition de chaque mot Ã©noncÃ©.,0
21399,Dieu ns a ordonnÃ© de respecter la femme et de l'honorer car elle est l'avenir!,0
2378,@user 56 rebeus fragile baltringue de cité de merde il ont violer une meuf completement bourrer la sortie… @url,1
2604,mdr les rebeus discrets les connais t’inquiètes @url,1
2650,sauf qu’il’ y’a un pote ( renois 2) du ren… @url,1
2996,je sais même pas comment peut garder une de self-control devant un mongol pareil. arrêtez de vous plaindre… @url,1
3148,non non disent les pauvres bobos gauchistes déjà soumis à l'islam...,1
3388,@user @user c'est qui ce mongol ? (je parle du journaleux qui twitte),1
3415,@user @user mdrrr la tête de oit que t’est vraiment le mec le plus attardé que j’ai vue merde… @url,1
3679,@user @user prdrrr c chien c l’es pire des gros mongol la vérité,1
3780,@user @user ici c'est lyon!!!!!!!! entre nous rebeu et muslim se rentre dedans pour une histoire de sec… @url,1
3882,@user seul les vrais hommes passe au dessus du fan service et s'attarde plutôt sur l'oeuvre et le message… @url,0
4003,@user sale juif de merde,1
4120,qui veux un attardÃ© dans son Ã©quipe @url,1
4240,@user pourtant jour et nuit vous dÃ©nigrez les arabes noirs etc câ€™est votre quotidien. si vous pouviez vs auriâ€¦ @url,1
4448,par contre les renois ou les mÃ©tisses avec les taches de rousseurs Ã§a fascine de fou @url,0
4695,pourquoi quand je vois j'ai l'impression de voir un gamin de 7 ans avec sa maman brigitte. Ã©,0
4897,Get to know others.,0
4930,Tant de haine dans une seule phrase. C'est bien dommage.,0
5116,@user jsuis vraiment un attardÃ©,1
5224,nan les renois rebeu que jâ€™ai câ€™est des rebeu/renoi pas bon del,1
5484,Allah requires everyone to love his neighbor.,0
5594,pas 1 mongol pour crier de la merde,1
5855,aubenas (07) : manifestation en soutien aux migrants ce samedi 22 septembre 2018 Ã  partir de 9h sur la place du marâ€¦,0
6110,Le musulman est un facilitateur et est une partie de la solution du vivre ensemble.,0
6374,le gÃ©nie d'aulas est d'intÃ©grer tous les rebeus du rhÃ´ne alpes dans son centre de formâ€¦,1
6521,en plus elle est de sotteville cette attardÃ© mental,1
6536,ah bah jâ€™ai rien dit tâ€™es bel est bien attardÃ© bravo Ã  toi,1
6888,perso j'accueillerais bien 1 migrant pour chaque nick conrad Ã  expulser.,1
6951,We already have the Republic's values. Such as respecting religions of others.,0
7395,yâ€™a frapper un gars sâ€™mongol,1
7489,fascinant la capacite des gauchistes tjrs rejeter la faute sur les autres. cessez dimpâ€¦,1
7978,l'invasion que nous subissons celle des touristes cet homme est historien gauchiste,0
8546,bz tes morts sale juif,1
8771,@user la fois oÃ¹ tâ€™as peter un cable sur une meuf qui tâ€™avais traiter de sale arabe Ã§a comptait pas ?,1
9056,Qu'est que la politique vient faire lÃƒ .,0
9709,@user non je ne pense pas. Ã‡a se voit dans beaucoup d'Ã©quipes. mÃªme lui ne s'est pas attardÃ© sur la cÃ©lâ€¦ @url,0
9868,Islam prohibits terrorism.,0
10405,bah y'a qu'Ã  quand mÃªme de trÃ¨s belles phrases si s'y attarde un peu @user @url,0
10500,pfff c'est dingue le nombre de meuf blanche qui se font fourrer par des renois qui font du foot. vazi c'est quoi voâ€¦,0
10574,pendant 40 ans Ã¢nonnÃ© : lâ€™immigration (africaine) une chance pour la france ! les rÃ©sultatsâ€¦,1
10711,#lfauit si le candidat mongol prend marianne james et Ã‰ric antoine il va finir avec un dos comme Ã§a. @url,1
10821,deformation bobo gauchiste... pa...,0
11431,jpense hein ua des mongol un moment,1
11456,Â« tant de noirs ne rÃ©alisent pas Ã  quel point lâ€™immigration est dangereuse pour lâ€™europe et vide lâ€™afrique de ses forces. Â» moi,1
11550,un vrai mongol celui lÃ ,1
12154,câ€™est pas une fÃ©ministe Ã§a câ€™est juste une sale conne.,1
12449,alorsnoui,1
12658,frere arrete de faire le mongol c un clasico con ou quoi,1
12776,"C'est faux, la majoritÃƒÂ© des musulmans cohabitent en paix avec des non-musulmans.",0
12803,Les femmes voilÃƒÂ©es en France sont persÃƒÂ©cutÃƒÂ©es et surtout discriminÃƒÂ©es Ãƒ cause de leurs voiles.,0
12953,encore plus attardÃ© que moi c'est gens la chaud,1
13005,@user @user chui un attardÃ© mental alors,1
13026,@user exactement xd comme tu es un ami prÃ©cieux je m'attarde beaucoup sur ce genre de dÃ©tails xd,0
13029,je suis coincÃ© Ã  berlin entre une manifestation dâ€™extrÃªme droite contre lâ€™avortement une autre de gauchistes et unâ€¦ @url,1
13199,Religion moyenageuse comme les autres religions.,0
13568,@user @user @user @user l'islam c'est pas pareil que le terrorisme... c'est mÃªmeâ€¦ @url,1
13625,ah ouais genre les animaux se privent eux ? il est excellent ce mec et apres ca se dit francais,0
13766,Stereotype.,0
14027,bouahahhaa il se branle sur les cosplay de sneaky cet attardé,0
14441,gros jtai dit bouche ta chatte de là jveux pas debattre avec un attardé qui se croit drôle et son suceur. circule oublie pas,1
15126,toi tas un sacré problème avec les rebeus laisse moi aimer tout style de mec nan et laisse soeur tranquille,1
15197,donc pour l’ancien patron de la dgse il faut lutter contre le terrorisme en « luttant contre les inégalités » et en…,0
15226,peut être parce que tous les renois insultent les beurette en vidéo et vous traites comme des putes ??…,1
15839,mentalité de mongol,1
16552,nantes: cinq gymnases réquisitionnés pour accueillir les migrants du square daviais …,1
16567,une gauchiste reste une gauchiste. et pourtant elle bataillé.,1
16632,purée ton tweet ou tu crie cm un attardé cv bien ac ta freakin pp,1
16726,perd pas ton temps à parler avec cet attardé il ne sait pas lire de toute façon,1
16823,t'as pas honte d'opprimer les gens comme ça espèce de coco anarcho-socialo-islamo-gauchiste ? (je cro…,1
16878,pour en finir avec la cruelle imposture des migrants (3/4) - abbé olivie... via,1
17247,surtout les noirs et les arabes au pire ils auront leur entretien mais qd le mec verra leur tête à ce m…,0
17492,va tous t’unfollow gentillement sale arabe que tu es,1
17493,prdrrr c chien c l’es pire des gros mongol la vérité,1
17508,voilà ça ching chong encore ?,1
17541,ptddr pour être le plus bo des rebeus le monde chico ridfus gansta la fin il va dire je te fais qu…,0
17545,ils veulent ça des bons petits rebeus de maison,0
17595,tu es une sacrée noire dit donc. encore un facho attardé,0
17799,quand vous prendrez vos sources ailleurs que sur un site complotiste et antisémite et que vous cessere…,0
18519,N'est ce pas la peur de la diffÃ©rence qui vous fait dire Ã§elÃ ?,0
19832,Il y'a dÃ©jÃ plusieurs siÃ¨cle que l'islam dÃ©fend la libertÃ© l'egalite La fraternitÃ© bien avent la rÃ©publique.,0
20244,Secularism is the neutrality of the state towards all religions on an equal footing.,0
20287,L'autoritÃ© parentale en France existe.,0
20907,Le terrorisme est une mÃ©thode contraire au dogme musulman.,0
20937,"Si 1 personne sur 7 dans le monde Ã©tait terroriste, cela fait bien longtemps qu'il n'y aurait plus personne dans ce monde.",0
2114,@user il est attardé le p'tit aussi,1
2158,@user mdr c chaussure de sécurité sal mongol c pr mfoutre de la geul de l’autre,1
2585,il dit son genre de meuf c les rebeus mdr @url,1
2791,@user bah oui mongol,1
2809,@user c'est un attardé vraiment gros,1
3094,Ça yest irma elle ramène sa maladie chelou la faut que toute la promo l’ai et qui c’est qui l’a avec autre choses e… @url,1
3147,j’fais des blagues homophobes sur les blancs sur les renoi les rebeu les noich les juif mais c’est seulement d… @url,1
3154,@user @user tg c'est vous vous êtes pas drôle bande de mongol,1
3238,@user quand tu veux faire un truc stylé avec une cap sauf que ta mis une ceinture comme un mongol,1
3313,@user @user d'ailleurs. si tu tiens vraiment la condition de vie des gens et si t'as de la p... @url,0
3604,@user @user il faut arrêter le discours stupide et humanotaro-gauchiste qui consiste à importer la gue… @url,1
3618,@user y’a des rebeus hein ?,0
3915,@user @user sale con!!tu est juif?!! tes gosses sont juif!!ils vivent aux etat unis!! alors fe… @url,1
4162,La laÃƒÂ¯citÃƒÂ© est justement le droit de vivre pleinement sa religion Ãƒâ€¡a relÃƒÂ¨ve du privÃƒÂ©.,0
4192,"The truth has never frightened the honest man! But you may not be in the end, which would explain this determination.",0
4427,Tout les franÃƒÂ§ais sont pas de ivrognes.,0
4780,juste une question: si je traite un noir ou un arabe de sale arabe ou sale black c'est dâ€¦,1
4795,ok je croyais que c'Ã©tait que les africains sub-sahariens. mais rÃ©cemment le dÃ©pistage Ã©tÃ© gÃ©nÃ©raâ€¦,1
4868,C est leur choix si elles veulent.,0
5598,What if we were to recommend the same thing for French people abroad?,0
5604,What are the arguments?!,0
5674,@user qu'elle retourne en afrique si elle est si fiÃ¨re de ces origines. elle est ridicule un peu conne aussi,1
5757,ptdrr mai c vraiment un peuple dâ€™attardÃ© @url,1
5811,Women do not need you to express the opinion in their place.,0
5984,De quoi je me mÃƒÂªle?,0
6419,Another theory forwarded by Islamophobic.,0
6471,mongol leu mais damqko ragal trop mom mais milnee mkm maÃ§on deug leu,1
6614,un homme comme ca qui se dit contre l'avortement et autres un mangeur de balustre le peuple amÃ©ricain n'en aâ€¦,1
6773,espÃ¨ce de sale trans tu ressemble Ã  un vieux pd qui sort dâ€™une grosse partouze avec des renoi,1
6845,le.lobby il va tenir 2 semaines les arabes est pas fait pour ca,1
6971,et bien entendu les clandestins et les migrants qui traversent les feu-frontiÃ¨res eurâ€¦,1
7751,@user tu Ã© mongol ?,1
7770,mdr tu m'entends rire de lÃ  oÃ¹ t'es j'espÃ¨re les mongols ont juste eu un grand territoâ€¦,1
7939,voici le genre dâ€™hypocrite qui vient taxer de raciste negrophobe...,1
8180,Ã‡a fait bizarre d'Ãªtre en amphi devant des arabes et des renois qui jettent pas des boulettes sur lprof en vrai,1
8224,It depends on which glasses you are looking at.,0
8257,@user les renois aux states c vraiment des baisÃ©s sans dÃ©conner,1
8557,en mÃªme temps les renois ont peur des chiens,1
8677,@user mais omg vrm trop conne toi relis phrase pcq tâ€™as lâ€™air un peu attardÃ© sur les bords,1
8928,@user bah tu tâ€™en souviens pas gros attardÃ©,1
9159,Et un troisiÃƒÂ¨me non pour les haineux.,0
9472,sacrilege pas gauchiste ultra gauchiste!!! pour les 30h voire les 24h (3x8) pour le smic a...,1
9482,Pour l immense majoritÃƒÂ© c est un choix personnel.,0
9978,sa change en quoi le fait que les sjw sont des attardÃ© mentaux ?,1
9979,oui ce n'est pas une rÃ©gion gauchiste!!,1
9991,Normal si Ãƒ chaque la rÃƒÂ©publique sort de son chapeau une Loi contre l'islam.,0
10193,mskn s'en bat les couilles de bassem il nous raconte Ã§a vie le nombre de cas social chez les renois frÃ¨re,1
10376,et restes trql avec tes sales arabe sale vielles conne,1
10992,un mongol supporter de foot donc un sous chien amoureux de l'islam qui bave,1
11179,@user @user ptdrr tout sâ€™enchaine aucun effet ? bon je pense que tu es attarde donc la discussion est inutile,1
11189,ai foi mongol,1
11373,"Le voile n'est pas une prison, et n'empÃƒÂªche en rien la femme d'avoir une activitÃƒÂ© professionnelle, associative, etc. L'islam encourage le travail.",0
11446,tâ€™a vu gl dirait un attardÃ©...,1
11647,The veil is a personal religious choice. What does it have to do with politics?,0
11993,ne pas voter c'est donner une voix au lr macron au gauchiste etc,0
12212,My veil is my choice.,0
12410,The submission of the woman is these words made by uneducated people.,0
12896,gros attardÃ©,1
13143,liked @user video @url l'islamisation du quÃ©bec - manifestation vendredi le 15 dÃ©cembre,1
14467,non à la dictature de la pensée non au terrorisme intellectuel. oui à la liberté d'expression de conscience et d'opinion.,0
15074,non une carte d'immunité en tant qu'islamo-gauchiste !,0
15762,très content du non probable de la édonie. c'est un territoire qui mérite que l'on s'y attarde un peu p…,1
16050,bon votre video montre un mec par terre ou vous voyez une violence policière il le dégage du b…,1
17075,les rebeus tu baises leurs frangines ils sont déboussolés,1
17959,"C'est toi qui m'agresse, mon voile est rester sur ma tÃªte est n'a rien fait.",0
18007,Et le voile de la sÅ“ur chrÃ©tienne n'est pas une agression pour toi?,0
18251,"Vous connaissez donc toutes les femmes voilÃ©es et le contexte dans lequel elles ont commencÃ© Ã le mettre? Je suis chercheur, je suis preneur.",0
18679,"De la mÃªme maniÃ¨re qu'un voile de mariÃ©e serait la dÃ©monstration d'un mariage politique.? Un peu de sÃ©rieux, voyons! Votre tweet est la dÃ©monstration d'une connaissance limitÃ©e.",0
18876,"Toutes les nounous et femmes de mÃ©nage analphabÃ¨tes font elle de la politique? Non bien sÃ»r mais celle ci ne nous dÃ©range pas , elles servent!",0
19326,"My country is France, but I think about it!",0
19410,Les musulmans ne sont pas tolÃ©rants envers les non-musulmans.,1
19643,"Les femmes musulmanes sont soumises a leur Dieu et non a leurs Hommes, comme vous l'Ãªtes par votre lois.",0
20230,L'islam n'appartient pas Ã notre pays.,1
20719,It is harmful to attack a calm minority who only wants one thing: to integrate into the society.,0
20851,"Si les 1 milliard et demi de musulmans Ã©taient des terroristes, on l'aurait su rapidement.",0
21373,"En Europe, il n'y a qu'en France qu'on cherche noise aux femmes portant un foulard Ã l'universitÃ©, au travail ou dans l'espace public.",0
